Function used to minimize = ,2*x**2 + y**2,,,,,,,,,,,
Gradient of the Function  = ,4*x + 2*y,,,,,,,,,,,
First derivative of the function (df1)  = ,4*dx*x + 2*dy*y,,,,,,,,,,,
,,,,,,,,,,,,
Iteration,Starting point x coordinate,Starting point y coordinate,Direction of the force x coordinarte,Direction of the force y coordinarte,Gradient of the line,Equation of the line (f2),df2,df1 + z*df2,Value of z,New x coordinate,New y coordinate,Minimum point value
1,9,9,-36,-18,0.5,x - 2.0*y + 9.0,dx - 2.0*dy,4*dx*x + 2*dy*y + z*(dx - 2.0*dy),4,-1,4,18
2,-1,4,4,-8,-2,x + 0.5*y - 1.0,dx + 0.5*dy,4*dx*x + 2*dy*y + z*(dx + 0.5*dy),-2.666666667,0.666666667,0.666666667,1.333333333
3,0.666666667,0.666666667,-2.666666667,-1.333333333,0.5,x - 2.0*y + 0.666666666666667,dx - 2.0*dy,4*dx*x + 2*dy*y + z*(dx - 2.0*dy),0.296296296,-0.074074074,0.296296296,0.098765432
4,-0.074074074,0.296296296,0.296296296,-0.592592593,-2,x + 0.5*y - 0.0740740740740741,dx + 0.5*dy,4*dx*x + 2*dy*y + z*(dx + 0.5*dy),-0.197530864,0.049382716,0.049382716,0.007315958
5,0.049382716,0.049382716,-0.197530864,-0.098765432,0.5,x - 2.0*y + 0.0493827160493827,dx - 2.0*dy,4*dx*x + 2*dy*y + z*(dx - 2.0*dy),0.021947874,-0.005486968,0.021947874,0.000541923
6,-0.005486968,0.021947874,0.021947874,-0.043895748,-2,x + 0.5*y - 0.00548696844993141,dx + 0.5*dy,4*dx*x + 2*dy*y + z*(dx + 0.5*dy),-0.014631916,0.003657979,0.003657979,4.01E-05
7,0.003657979,0.003657979,-0.014631916,-0.007315958,0.5,x - 2.0*y + 0.00365797896662094,dx - 2.0*dy,4*dx*x + 2*dy*y + z*(dx - 2.0*dy),0.001625768,-0.000406442,0.001625768,2.97E-06
8,-0.000406442,0.001625768,0.001625768,-0.003251537,-2,x + 0.5*y - 0.000406442107402327,dx + 0.5*dy,4*dx*x + 2*dy*y + z*(dx + 0.5*dy),-0.001083846,0.000270961,0.000270961,2.20E-07
9,0.000270961,0.000270961,-0.001083846,-0.000541923,0.5,x - 2.0*y + 0.000270961404934885,dx - 2.0*dy,4*dx*x + 2*dy*y + z*(dx - 2.0*dy),0.000120427,-3.01E-05,0.000120427,1.63E-08
10,-3.01E-05,0.000120427,0.000120427,-0.000240855,-2,x + 0.5*y - 3.01068227705427e-5,dx + 0.5*dy,4*dx*x + 2*dy*y + z*(dx + 0.5*dy),-8.03E-05,2.01E-05,2.01E-05,1.21E-09
11,2.01E-05,2.01E-05,-8.03E-05,-4.01E-05,0.5,x - 2.0*y + 2.00712151803618e-5,dx - 2.0*dy,4*dx*x + 2*dy*y + z*(dx - 2.0*dy),8.92E-06,-2.23E-06,8.92E-06,8.95E-11
12,-2.23E-06,8.92E-06,8.92E-06,-1.78E-05,-2,x + 0.5*y - 2.2301350200402e-6,dx + 0.5*dy,4*dx*x + 2*dy*y + z*(dx + 0.5*dy),-5.95E-06,1.49E-06,1.49E-06,6.63E-12
13,1.49E-06,1.49E-06,-5.95E-06,-2.97E-06,0.5,x - 2.0*y + 1.4867566800268e-6,dx - 2.0*dy,4*dx*x + 2*dy*y + z*(dx - 2.0*dy),6.61E-07,-1.65E-07,6.61E-07,4.91E-13
14,-1.65E-07,6.61E-07,6.61E-07,-1.32E-06,-2,x + 0.5*y - 1.65195186669645e-7,dx + 0.5*dy,4*dx*x + 2*dy*y + z*(dx + 0.5*dy),-4.41E-07,1.10E-07,1.10E-07,3.64E-14
15,1.10E-07,1.10E-07,-4.41E-07,-2.20E-07,0.5,x - 2.0*y + 1.1013012444643e-7,dx - 2.0*dy,4*dx*x + 2*dy*y + z*(dx - 2.0*dy),4.89E-08,-1.22E-08,4.89E-08,2.70E-15
16,-1.22E-08,4.89E-08,4.89E-08,-9.79E-08,-2,x + 0.5*y - 1.22366804940478e-8,dx + 0.5*dy,4*dx*x + 2*dy*y + z*(dx + 0.5*dy),-3.26E-08,8.16E-09,8.16E-09,2.00E-16
17,8.16E-09,8.16E-09,-3.26E-08,-1.63E-08,0.5,x - 2.0*y + 8.15778699603187e-9,dx - 2.0*dy,4*dx*x + 2*dy*y + z*(dx - 2.0*dy),3.63E-09,-9.06E-10,3.63E-09,1.48E-17
18,-9.06E-10,3.63E-09,3.63E-09,-7.25E-09,-2,x + 0.5*y - 9.06420777336874e-10,dx + 0.5*dy,4*dx*x + 2*dy*y + z*(dx + 0.5*dy),-2.42E-09,6.04E-10,6.04E-10,1.10E-18
19,6.04E-10,6.04E-10,-2.42E-09,-1.21E-09,0.5,x - 2.0*y + 6.04280518224583e-10,dx - 2.0*dy,4*dx*x + 2*dy*y + z*(dx - 2.0*dy),2.69E-10,-6.71E-11,2.69E-10,8.11E-20
20,-6.71E-11,2.69E-10,2.69E-10,-5.37E-10,-2,x + 0.5*y - 6.71422798027314e-11,dx + 0.5*dy,4*dx*x + 2*dy*y + z*(dx + 0.5*dy),-1.79E-10,4.48E-11,4.48E-11,6.01E-21
21,4.48E-11,4.48E-11,-1.79E-10,-8.95E-11,0.5,x - 2.0*y + 4.47615198684876e-11,dx - 2.0*dy,4*dx*x + 2*dy*y + z*(dx - 2.0*dy),1.99E-11,-4.97E-12,1.99E-11,4.45E-22
22,-4.97E-12,1.99E-11,1.99E-11,-3.98E-11,-2,x + 0.5*y - 4.97350220760973e-12,dx + 0.5*dy,4*dx*x + 2*dy*y + z*(dx + 0.5*dy),-1.33E-11,3.32E-12,3.32E-12,3.30E-23
23,3.32E-12,3.32E-12,-1.33E-11,-6.63E-12,0.5,x - 2.0*y + 3.31566813840649e-12,dx - 2.0*dy,4*dx*x + 2*dy*y + z*(dx - 2.0*dy),1.47E-12,-3.68E-13,1.47E-12,2.44E-24
24,-3.68E-13,1.47E-12,1.47E-12,-2.95E-12,-2,x + 0.5*y - 3.68407570934054e-13,dx + 0.5*dy,4*dx*x + 2*dy*y + z*(dx + 0.5*dy),-9.82E-13,2.46E-13,2.46E-13,1.81E-25
25,2.46E-13,2.46E-13,-9.82E-13,-4.91E-13,0.5,x - 2.0*y + 2.45605047289369e-13,dx - 2.0*dy,4*dx*x + 2*dy*y + z*(dx - 2.0*dy),1.09E-13,-2.73E-14,1.09E-13,1.34E-26
26,-2.73E-14,1.09E-13,1.09E-13,-2.18E-13,-2,x + 0.5*y - 2.72894496988188e-14,dx + 0.5*dy,4*dx*x + 2*dy*y + z*(dx + 0.5*dy),-7.28E-14,1.82E-14,1.82E-14,9.93E-28
27,1.82E-14,1.82E-14,-7.28E-14,-3.64E-14,0.5,x - 2.0*y + 1.81929664658792e-14,dx - 2.0*dy,4*dx*x + 2*dy*y + z*(dx - 2.0*dy),8.09E-15,-2.02E-15,8.09E-15,7.36E-29
28,-2.02E-15,8.09E-15,8.09E-15,-1.62E-14,-2,x + 0.5*y - 2.02144071843102e-15,dx + 0.5*dy,4*dx*x + 2*dy*y + z*(dx + 0.5*dy),-5.39E-15,1.35E-15,1.35E-15,5.45E-30
29,1.35E-15,1.35E-15,-5.39E-15,-2.70E-15,0.5,x - 2.0*y + 1.34762714562068e-15,dx - 2.0*dy,4*dx*x + 2*dy*y + z*(dx - 2.0*dy),5.99E-16,-1.50E-16,5.99E-16,4.04E-31
30,-1.50E-16,5.99E-16,5.99E-16,-1.20E-15,-2,x + 0.5*y - 1.49736349513409e-16,dx + 0.5*dy,4*dx*x + 2*dy*y + z*(dx + 0.5*dy),-3.99E-16,9.98E-17,9.98E-17,2.99E-32
31,9.98E-17,9.98E-17,-3.99E-16,-2.00E-16,0.5,x - 2.0*y + 9.98242330089393e-17,dx - 2.0*dy,4*dx*x + 2*dy*y + z*(dx - 2.0*dy),4.44E-17,-1.11E-17,4.44E-17,2.21E-33
32,-1.11E-17,4.44E-17,4.44E-17,-8.87E-17,-2,x + 0.5*y - 1.10915814454377e-17,dx + 0.5*dy,4*dx*x + 2*dy*y + z*(dx + 0.5*dy),-2.96E-17,7.39E-18,7.39E-18,1.64E-34
33,7.39E-18,7.39E-18,-2.96E-17,-1.48E-17,0.5,x - 2.0*y + 7.3943876302918e-18,dx - 2.0*dy,4*dx*x + 2*dy*y + z*(dx - 2.0*dy),3.29E-18,-8.22E-19,3.29E-18,1.22E-35
34,-8.22E-19,3.29E-18,3.29E-18,-6.57E-18,-2,x + 0.5*y - 8.21598625587978e-19,dx + 0.5*dy,4*dx*x + 2*dy*y + z*(dx + 0.5*dy),-2.19E-18,5.48E-19,5.48E-19,9.00E-37
35,5.48E-19,5.48E-19,-2.19E-18,-1.10E-18,0.5,x - 2.0*y + 5.47732417058652e-19,dx - 2.0*dy,4*dx*x + 2*dy*y + z*(dx - 2.0*dy),2.43E-19,-6.09E-20,2.43E-19,6.67E-38
36,-6.09E-20,2.43E-19,2.43E-19,-4.87E-19,-2,x + 0.5*y - 6.08591574509613e-20,dx + 0.5*dy,4*dx*x + 2*dy*y + z*(dx + 0.5*dy),-1.62E-19,4.06E-20,4.06E-20,4.94E-39
37,4.06E-20,4.06E-20,-1.62E-19,-8.11E-20,0.5,x - 2.0*y + 4.05727716339742e-20,dx - 2.0*dy,4*dx*x + 2*dy*y + z*(dx - 2.0*dy),1.80E-20,-4.51E-21,1.80E-20,3.66E-40
38,-4.51E-21,1.80E-20,1.80E-20,-3.61E-20,-2,x + 0.5*y - 4.50808573710825e-21,dx + 0.5*dy,4*dx*x + 2*dy*y + z*(dx + 0.5*dy),-1.20E-20,3.01E-21,3.01E-21,2.71E-41
39,3.01E-21,3.01E-21,-1.20E-20,-6.01E-21,0.5,x - 2.0*y + 3.0053904914055e-21,dx - 2.0*dy,4*dx*x + 2*dy*y + z*(dx - 2.0*dy),1.34E-21,-3.34E-22,1.34E-21,2.01E-42
40,-3.34E-22,1.34E-21,1.34E-21,-2.67E-21,-2,x + 0.5*y - 3.33932276822833e-22,dx + 0.5*dy,4*dx*x + 2*dy*y + z*(dx + 0.5*dy),-8.90E-22,2.23E-22,2.23E-22,1.49E-43
41,2.23E-22,2.23E-22,-8.90E-22,-4.45E-22,0.5,x - 2.0*y + 2.22621517881889e-22,dx - 2.0*dy,4*dx*x + 2*dy*y + z*(dx - 2.0*dy),9.89E-23,-2.47E-23,9.89E-23,1.10E-44
42,-2.47E-23,9.89E-23,9.89E-23,-1.98E-22,-2,x + 0.5*y - 2.47357242090988e-23,dx + 0.5*dy,4*dx*x + 2*dy*y + z*(dx + 0.5*dy),-6.60E-23,1.65E-23,1.65E-23,8.16E-46
43,1.65E-23,1.65E-23,-6.60E-23,-3.30E-23,0.5,x - 2.0*y + 1.64904828060659e-23,dx - 2.0*dy,4*dx*x + 2*dy*y + z*(dx - 2.0*dy),7.33E-24,-1.83E-24,7.33E-24,6.04E-47
44,-1.83E-24,7.33E-24,7.33E-24,-1.47E-23,-2,x + 0.5*y - 1.83227586734066e-24,dx + 0.5*dy,4*dx*x + 2*dy*y + z*(dx + 0.5*dy),-4.89E-24,1.22E-24,1.22E-24,4.48E-48
45,1.22E-24,1.22E-24,-4.89E-24,-2.44E-24,0.5,x - 2.0*y + 1.22151724489377e-24,dx - 2.0*dy,4*dx*x + 2*dy*y + z*(dx - 2.0*dy),5.43E-25,-1.36E-25,5.43E-25,3.32E-49
46,-1.36E-25,5.43E-25,5.43E-25,-1.09E-24,-2,x + 0.5*y - 1.3572413832153e-25,dx + 0.5*dy,4*dx*x + 2*dy*y + z*(dx + 0.5*dy),-3.62E-25,9.05E-26,9.05E-26,2.46E-50
47,9.05E-26,9.05E-26,-3.62E-25,-1.81E-25,0.5,x - 2.0*y + 9.048275888102e-26,dx - 2.0*dy,4*dx*x + 2*dy*y + z*(dx - 2.0*dy),4.02E-26,-1.01E-26,4.02E-26,1.82E-51
48,-1.01E-26,4.02E-26,4.02E-26,-8.04E-26,-2,x + 0.5*y - 1.00536398756689e-26,dx + 0.5*dy,4*dx*x + 2*dy*y + z*(dx + 0.5*dy),-2.68E-26,6.70E-27,6.70E-27,1.35E-52
49,6.70E-27,6.70E-27,-2.68E-26,-1.34E-26,0.5,x - 2.0*y + 6.70242658377927e-27,dx - 2.0*dy,4*dx*x + 2*dy*y + z*(dx - 2.0*dy),2.98E-27,-7.45E-28,2.98E-27,9.98E-54
50,-7.45E-28,2.98E-27,2.98E-27,-5.96E-27,-2,x + 0.5*y - 7.44714064864363e-28,dx + 0.5*dy,4*dx*x + 2*dy*y + z*(dx + 0.5*dy),-1.99E-27,4.96E-28,4.96E-28,7.39E-55
51,4.96E-28,4.96E-28,-1.99E-27,-9.93E-28,0.5,x - 2.0*y + 4.96476043242909e-28,dx - 2.0*dy,4*dx*x + 2*dy*y + z*(dx - 2.0*dy),2.21E-28,-5.52E-29,2.21E-28,5.48E-56
52,-5.52E-29,2.21E-28,2.21E-28,-4.41E-28,-2,x + 0.5*y - 5.51640048047677e-29,dx + 0.5*dy,4*dx*x + 2*dy*y + z*(dx + 0.5*dy),-1.47E-28,3.68E-29,3.68E-29,4.06E-57
53,3.68E-29,3.68E-29,-1.47E-28,-7.36E-29,0.5,x - 2.0*y + 3.67760032031785e-29,dx - 2.0*dy,4*dx*x + 2*dy*y + z*(dx - 2.0*dy),1.63E-29,-4.09E-30,1.63E-29,3.01E-58
54,-4.09E-30,1.63E-29,1.63E-29,-3.27E-29,-2,x + 0.5*y - 4.08622257813094e-30,dx + 0.5*dy,4*dx*x + 2*dy*y + z*(dx + 0.5*dy),-1.09E-29,2.72E-30,2.72E-30,2.23E-59
55,2.72E-30,2.72E-30,-1.09E-29,-5.45E-30,0.5,x - 2.0*y + 2.72414838542063e-30,dx - 2.0*dy,4*dx*x + 2*dy*y + z*(dx - 2.0*dy),1.21E-30,-3.03E-31,1.21E-30,1.65E-60
56,-3.03E-31,1.21E-30,1.21E-30,-2.42E-30,-2,x + 0.5*y - 3.02683153935626e-31,dx + 0.5*dy,4*dx*x + 2*dy*y + z*(dx + 0.5*dy),-8.07E-31,2.02E-31,2.02E-31,1.22E-61
57,2.02E-31,2.02E-31,-8.07E-31,-4.04E-31,0.5,x - 2.0*y + 2.01788769290417e-31,dx - 2.0*dy,4*dx*x + 2*dy*y + z*(dx - 2.0*dy),8.97E-32,-2.24E-32,8.97E-32,9.05E-63
58,-2.24E-32,8.97E-32,8.97E-32,-1.79E-31,-2,x + 0.5*y - 2.24209743656019e-32,dx + 0.5*dy,4*dx*x + 2*dy*y + z*(dx + 0.5*dy),-5.98E-32,1.49E-32,1.49E-32,6.70E-64
59,1.49E-32,1.49E-32,-5.98E-32,-2.99E-32,0.5,x - 2.0*y + 1.49473162437346e-32,dx - 2.0*dy,4*dx*x + 2*dy*y + z*(dx - 2.0*dy),6.64E-33,-1.66E-33,6.64E-33,4.96E-65
60,-1.66E-33,6.64E-33,6.64E-33,-1.33E-32,-2,x + 0.5*y - 1.66081291597051e-33,dx + 0.5*dy,4*dx*x + 2*dy*y + z*(dx + 0.5*dy),-4.43E-33,1.11E-33,1.11E-33,3.68E-66
61,1.11E-33,1.11E-33,-4.43E-33,-2.21E-33,0.5,x - 2.0*y + 1.10720861064701e-33,dx - 2.0*dy,4*dx*x + 2*dy*y + z*(dx - 2.0*dy),4.92E-34,-1.23E-34,4.92E-34,2.72E-67
62,-1.23E-34,4.92E-34,4.92E-34,-9.84E-34,-2,x + 0.5*y - 1.23023178960779e-34,dx + 0.5*dy,4*dx*x + 2*dy*y + z*(dx + 0.5*dy),-3.28E-34,8.20E-35,8.20E-35,2.02E-68
63,8.20E-35,8.20E-35,-3.28E-34,-1.64E-34,0.5,x - 2.0*y + 8.2015452640519e-35,dx - 2.0*dy,4*dx*x + 2*dy*y + z*(dx - 2.0*dy),3.65E-35,-9.11E-36,3.65E-35,1.49E-69
64,-9.11E-36,3.65E-35,3.65E-35,-7.29E-35,-2,x + 0.5*y - 9.11282807116878e-36,dx + 0.5*dy,4*dx*x + 2*dy*y + z*(dx + 0.5*dy),-2.43E-35,6.08E-36,6.08E-36,1.11E-70
65,6.08E-36,6.08E-36,-2.43E-35,-1.22E-35,0.5,x - 2.0*y + 6.07521871411252e-36,dx - 2.0*dy,4*dx*x + 2*dy*y + z*(dx - 2.0*dy),2.70E-36,-6.75E-37,2.70E-36,8.20E-72
66,-6.75E-37,2.70E-36,2.70E-36,-5.40E-36,-2,x + 0.5*y - 6.75024301568058e-37,dx + 0.5*dy,4*dx*x + 2*dy*y + z*(dx + 0.5*dy),-1.80E-36,4.50E-37,4.50E-37,6.08E-73
67,4.50E-37,4.50E-37,-1.80E-36,-9.00E-37,0.5,x - 2.0*y + 4.50016201045372e-37,dx - 2.0*dy,4*dx*x + 2*dy*y + z*(dx - 2.0*dy),2.00E-37,-5.00E-38,2.00E-37,4.50E-74
68,-5.00E-38,2.00E-37,2.00E-37,-4.00E-37,-2,x + 0.5*y - 5.00018001161524e-38,dx + 0.5*dy,4*dx*x + 2*dy*y + z*(dx + 0.5*dy),-1.33E-37,3.33E-38,3.33E-38,3.33E-75
69,3.33E-38,3.33E-38,-1.33E-37,-6.67E-38,0.5,x - 2.0*y + 3.33345334107683e-38,dx - 2.0*dy,4*dx*x + 2*dy*y + z*(dx - 2.0*dy),1.48E-38,-3.70E-39,1.48E-38,2.47E-76
70,-3.70E-39,1.48E-38,1.48E-38,-2.96E-38,-2,x + 0.5*y - 3.70383704564092e-39,dx + 0.5*dy,4*dx*x + 2*dy*y + z*(dx + 0.5*dy),-9.88E-39,2.47E-39,2.47E-39,1.83E-77
71,2.47E-39,2.47E-39,-9.88E-39,-4.94E-39,0.5,x - 2.0*y + 2.46922469709395e-39,dx - 2.0*dy,4*dx*x + 2*dy*y + z*(dx - 2.0*dy),1.10E-39,-2.74E-40,1.10E-39,1.35E-78
72,-2.74E-40,1.10E-39,1.10E-39,-2.19E-39,-2,x + 0.5*y - 2.74358299677105e-40,dx + 0.5*dy,4*dx*x + 2*dy*y + z*(dx + 0.5*dy),-7.32E-40,1.83E-40,1.83E-40,1.00E-79
73,1.83E-40,1.83E-40,-7.32E-40,-3.66E-40,0.5,x - 2.0*y + 1.8290553311807e-40,dx - 2.0*dy,4*dx*x + 2*dy*y + z*(dx - 2.0*dy),8.13E-41,-2.03E-41,8.13E-41,7.43E-81
74,-2.03E-41,8.13E-41,8.13E-41,-1.63E-40,-2,x + 0.5*y - 2.03228370131189e-41,dx + 0.5*dy,4*dx*x + 2*dy*y + z*(dx + 0.5*dy),-5.42E-41,1.35E-41,1.35E-41,5.51E-82
75,1.35E-41,1.35E-41,-5.42E-41,-2.71E-41,0.5,x - 2.0*y + 1.35485580087459e-41,dx - 2.0*dy,4*dx*x + 2*dy*y + z*(dx - 2.0*dy),6.02E-42,-1.51E-42,6.02E-42,4.08E-83
76,-1.51E-42,6.02E-42,6.02E-42,-1.20E-41,-2,x + 0.5*y - 1.5053953343051e-42,dx + 0.5*dy,4*dx*x + 2*dy*y + z*(dx + 0.5*dy),-4.01E-42,1.00E-42,1.00E-42,3.02E-84
77,1.00E-42,1.00E-42,-4.01E-42,-2.01E-42,0.5,x - 2.0*y + 1.00359688953674e-42,dx - 2.0*dy,4*dx*x + 2*dy*y + z*(dx - 2.0*dy),4.46E-43,-1.12E-43,4.46E-43,2.24E-85
78,-1.12E-43,4.46E-43,4.46E-43,-8.92E-43,-2,x + 0.5*y - 1.11510765504082e-43,dx + 0.5*dy,4*dx*x + 2*dy*y + z*(dx + 0.5*dy),-2.97E-43,7.43E-44,7.43E-44,1.66E-86
79,7.43E-44,7.43E-44,-2.97E-43,-1.49E-43,0.5,x - 2.0*y + 7.43405103360546e-44,dx - 2.0*dy,4*dx*x + 2*dy*y + z*(dx - 2.0*dy),3.30E-44,-8.26E-45,3.30E-44,1.23E-87
80,-8.26E-45,3.30E-44,3.30E-44,-6.61E-44,-2,x + 0.5*y - 8.26005670400606e-45,dx + 0.5*dy,4*dx*x + 2*dy*y + z*(dx + 0.5*dy),-2.20E-44,5.51E-45,5.51E-45,9.10E-89
81,5.51E-45,5.51E-45,-2.20E-44,-1.10E-44,0.5,x - 2.0*y + 5.50670446933737e-45,dx - 2.0*dy,4*dx*x + 2*dy*y + z*(dx - 2.0*dy),2.45E-45,-6.12E-46,2.45E-45,6.74E-90
82,-6.12E-46,2.45E-45,2.45E-45,-4.89E-45,-2,x + 0.5*y - 6.11856052148597e-46,dx + 0.5*dy,4*dx*x + 2*dy*y + z*(dx + 0.5*dy),-1.63E-45,4.08E-46,4.08E-46,4.99E-91
83,4.08E-46,4.08E-46,-1.63E-45,-8.16E-46,0.5,x - 2.0*y + 4.07904034765731e-46,dx - 2.0*dy,4*dx*x + 2*dy*y + z*(dx - 2.0*dy),1.81E-46,-4.53E-47,1.81E-46,3.70E-92
84,-4.53E-47,1.81E-46,1.81E-46,-3.63E-46,-2,x + 0.5*y - 4.53226705295257e-47,dx + 0.5*dy,4*dx*x + 2*dy*y + z*(dx + 0.5*dy),-1.21E-46,3.02E-47,3.02E-47,2.74E-93
85,3.02E-47,3.02E-47,-1.21E-46,-6.04E-47,0.5,x - 2.0*y + 3.02151136863505e-47,dx - 2.0*dy,4*dx*x + 2*dy*y + z*(dx - 2.0*dy),1.34E-47,-3.36E-48,1.34E-47,2.03E-94
86,-3.36E-48,1.34E-47,1.34E-47,-2.69E-47,-2,x + 0.5*y - 3.35723485403894e-48,dx + 0.5*dy,4*dx*x + 2*dy*y + z*(dx + 0.5*dy),-8.95E-48,2.24E-48,2.24E-48,1.50E-95
87,2.24E-48,2.24E-48,-8.95E-48,-4.48E-48,0.5,x - 2.0*y + 2.23815656935929e-48,dx - 2.0*dy,4*dx*x + 2*dy*y + z*(dx - 2.0*dy),9.95E-49,-2.49E-49,9.95E-49,1.11E-96
88,-2.49E-49,9.95E-49,9.95E-49,-1.99E-48,-2,x + 0.5*y - 2.48684063262144e-49,dx + 0.5*dy,4*dx*x + 2*dy*y + z*(dx + 0.5*dy),-6.63E-49,1.66E-49,1.66E-49,8.25E-98
89,1.66E-49,1.66E-49,-6.63E-49,-3.32E-49,0.5,x - 2.0*y + 1.65789375508096e-49,dx - 2.0*dy,4*dx*x + 2*dy*y + z*(dx - 2.0*dy),7.37E-50,-1.84E-50,7.37E-50,6.11E-99
90,-1.84E-50,7.37E-50,7.37E-50,-1.47E-49,-2,x + 0.5*y - 1.84210417231218e-50,dx + 0.5*dy,4*dx*x + 2*dy*y + z*(dx + 0.5*dy),-4.91E-50,1.23E-50,1.23E-50,4.52E-100
91,1.23E-50,1.23E-50,-4.91E-50,-2.46E-50,0.5,x - 2.0*y + 1.22806944820812e-50,dx - 2.0*dy,4*dx*x + 2*dy*y + z*(dx - 2.0*dy),5.46E-51,-1.36E-51,5.46E-51,3.35E-101
92,-1.36E-51,5.46E-51,5.46E-51,-1.09E-50,-2,x + 0.5*y - 1.36452160912013e-51,dx + 0.5*dy,4*dx*x + 2*dy*y + z*(dx + 0.5*dy),-3.64E-51,9.10E-52,9.10E-52,2.48E-102
93,9.10E-52,9.10E-52,-3.64E-51,-1.82E-51,0.5,x - 2.0*y + 9.09681072746754e-52,dx - 2.0*dy,4*dx*x + 2*dy*y + z*(dx - 2.0*dy),4.04E-52,-1.01E-52,4.04E-52,1.84E-103
94,-1.01E-52,4.04E-52,4.04E-52,-8.09E-52,-2,x + 0.5*y - 1.01075674749639e-52,dx + 0.5*dy,4*dx*x + 2*dy*y + z*(dx + 0.5*dy),-2.70E-52,6.74E-53,6.74E-53,1.36E-104
95,6.74E-53,6.74E-53,-2.70E-52,-1.35E-52,0.5,x - 2.0*y + 6.73837831664262e-53,dx - 2.0*dy,4*dx*x + 2*dy*y + z*(dx - 2.0*dy),2.99E-53,-7.49E-54,2.99E-53,1.01E-105
96,-7.49E-54,2.99E-53,2.99E-53,-5.99E-53,-2,x + 0.5*y - 7.4870870184918e-54,dx + 0.5*dy,4*dx*x + 2*dy*y + z*(dx + 0.5*dy),-2.00E-53,4.99E-54,4.99E-54,7.47E-107
97,4.99E-54,4.99E-54,-2.00E-53,-9.98E-54,0.5,x - 2.0*y + 4.9913913456612e-54,dx - 2.0*dy,4*dx*x + 2*dy*y + z*(dx - 2.0*dy),2.22E-54,-5.55E-55,2.22E-54,5.54E-108
98,-5.55E-55,2.22E-54,2.22E-54,-4.44E-54,-2,x + 0.5*y - 5.545990384068e-55,dx + 0.5*dy,4*dx*x + 2*dy*y + z*(dx + 0.5*dy),-1.48E-54,3.70E-55,3.70E-55,4.10E-109
99,3.70E-55,3.70E-55,-1.48E-54,-7.39E-55,0.5,x - 2.0*y + 3.697326922712e-55,dx - 2.0*dy,4*dx*x + 2*dy*y + z*(dx - 2.0*dy),1.64E-55,-4.11E-56,1.64E-55,3.04E-110
100,-4.11E-56,1.64E-55,1.64E-55,-3.29E-55,-2,x + 0.5*y - 4.10814102523556e-56,dx + 0.5*dy,4*dx*x + 2*dy*y + z*(dx + 0.5*dy),-1.10E-55,2.74E-56,2.74E-56,2.25E-111
101,2.74E-56,2.74E-56,-1.10E-55,-5.48E-56,0.5,x - 2.0*y + 2.73876068349037e-56,dx - 2.0*dy,4*dx*x + 2*dy*y + z*(dx - 2.0*dy),1.22E-56,-3.04E-57,1.22E-56,1.67E-112
102,-3.04E-57,1.22E-56,1.22E-56,-2.43E-56,-2,x + 0.5*y - 3.04306742610041e-57,dx + 0.5*dy,4*dx*x + 2*dy*y + z*(dx + 0.5*dy),-8.11E-57,2.03E-57,2.03E-57,1.23E-113
103,2.03E-57,2.03E-57,-8.11E-57,-4.06E-57,0.5,x - 2.0*y + 2.02871161740027e-57,dx - 2.0*dy,4*dx*x + 2*dy*y + z*(dx - 2.0*dy),9.02E-58,-2.25E-58,9.02E-58,9.15E-115
104,-2.25E-58,9.02E-58,9.02E-58,-1.80E-57,-2,x + 0.5*y - 2.25412401933364e-58,dx + 0.5*dy,4*dx*x + 2*dy*y + z*(dx + 0.5*dy),-6.01E-58,1.50E-58,1.50E-58,6.77E-116
105,1.50E-58,1.50E-58,-6.01E-58,-3.01E-58,0.5,x - 2.0*y + 1.50274934622243e-58,dx - 2.0*dy,4*dx*x + 2*dy*y + z*(dx - 2.0*dy),6.68E-59,-1.67E-59,6.68E-59,5.02E-117
106,-1.67E-59,6.68E-59,6.68E-59,-1.34E-58,-2,x + 0.5*y - 1.6697214958027e-59,dx + 0.5*dy,4*dx*x + 2*dy*y + z*(dx + 0.5*dy),-4.45E-59,1.11E-59,1.11E-59,3.72E-118
107,1.11E-59,1.11E-59,-4.45E-59,-2.23E-59,0.5,x - 2.0*y + 1.11314766386846e-59,dx - 2.0*dy,4*dx*x + 2*dy*y + z*(dx - 2.0*dy),4.95E-60,-1.24E-60,4.95E-60,2.75E-119
108,-1.24E-60,4.95E-60,4.95E-60,-9.89E-60,-2,x + 0.5*y - 1.23683073763163e-60,dx + 0.5*dy,4*dx*x + 2*dy*y + z*(dx + 0.5*dy),-3.30E-60,8.25E-61,8.25E-61,2.04E-120
109,8.25E-61,8.25E-61,-3.30E-60,-1.65E-60,0.5,x - 2.0*y + 8.24553825087751e-61,dx - 2.0*dy,4*dx*x + 2*dy*y + z*(dx - 2.0*dy),3.66E-61,-9.16E-62,3.66E-61,1.51E-121
110,-9.16E-62,3.66E-61,3.66E-61,-7.33E-61,-2,x + 0.5*y - 9.16170916764168e-62,dx + 0.5*dy,4*dx*x + 2*dy*y + z*(dx + 0.5*dy),-2.44E-61,6.11E-62,6.11E-62,1.12E-122
111,6.11E-62,6.11E-62,-2.44E-61,-1.22E-61,0.5,x - 2.0*y + 6.10780611176112e-62,dx - 2.0*dy,4*dx*x + 2*dy*y + z*(dx - 2.0*dy),2.71E-62,-6.79E-63,2.71E-62,8.29E-124
112,-6.79E-63,2.71E-62,2.71E-62,-5.43E-62,-2,x + 0.5*y - 6.78645123529013e-63,dx + 0.5*dy,4*dx*x + 2*dy*y + z*(dx + 0.5*dy),-1.81E-62,4.52E-63,4.52E-63,6.14E-125
113,4.52E-63,4.52E-63,-1.81E-62,-9.05E-63,0.5,x - 2.0*y + 4.52430082352675e-63,dx - 2.0*dy,4*dx*x + 2*dy*y + z*(dx - 2.0*dy),2.01E-63,-5.03E-64,2.01E-63,4.55E-126
114,-5.03E-64,2.01E-63,2.01E-63,-4.02E-63,-2,x + 0.5*y - 5.02700091502973e-64,dx + 0.5*dy,4*dx*x + 2*dy*y + z*(dx + 0.5*dy),-1.34E-63,3.35E-64,3.35E-64,3.37E-127
115,3.35E-64,3.35E-64,-1.34E-63,-6.70E-64,0.5,x - 2.0*y + 3.35133394335315e-64,dx - 2.0*dy,4*dx*x + 2*dy*y + z*(dx - 2.0*dy),1.49E-64,-3.72E-65,1.49E-64,2.50E-128
116,-3.72E-65,1.49E-64,1.49E-64,-2.98E-64,-2,x + 0.5*y - 3.7237043815035e-65,dx + 0.5*dy,4*dx*x + 2*dy*y + z*(dx + 0.5*dy),-9.93E-65,2.48E-65,2.48E-65,1.85E-129
117,2.48E-65,2.48E-65,-9.93E-65,-4.96E-65,0.5,x - 2.0*y + 2.482469587669e-65,dx - 2.0*dy,4*dx*x + 2*dy*y + z*(dx - 2.0*dy),1.10E-65,-2.76E-66,1.10E-65,1.37E-130
118,-2.76E-66,1.10E-65,1.10E-65,-2.21E-65,-2,x + 0.5*y - 2.75829954185444e-66,dx + 0.5*dy,4*dx*x + 2*dy*y + z*(dx + 0.5*dy),-7.36E-66,1.84E-66,1.84E-66,1.01E-131
119,1.84E-66,1.84E-66,-7.36E-66,-3.68E-66,0.5,x - 2.0*y + 1.8388663612363e-66,dx - 2.0*dy,4*dx*x + 2*dy*y + z*(dx - 2.0*dy),8.17E-67,-2.04E-67,8.17E-67,7.51E-133
120,-2.04E-67,8.17E-67,8.17E-67,-1.63E-66,-2,x + 0.5*y - 2.04318484581811e-67,dx + 0.5*dy,4*dx*x + 2*dy*y + z*(dx + 0.5*dy),-5.45E-67,1.36E-67,1.36E-67,5.57E-134
121,1.36E-67,1.36E-67,-5.45E-67,-2.72E-67,0.5,x - 2.0*y + 1.3621232305454e-67,dx - 2.0*dy,4*dx*x + 2*dy*y + z*(dx - 2.0*dy),6.05E-68,-1.51E-68,6.05E-68,4.12E-135
122,-1.51E-68,6.05E-68,6.05E-68,-1.21E-67,-2,x + 0.5*y - 1.51347025616156e-68,dx + 0.5*dy,4*dx*x + 2*dy*y + z*(dx + 0.5*dy),-4.04E-68,1.01E-68,1.01E-68,3.05E-136
123,1.01E-68,1.01E-68,-4.04E-68,-2.02E-68,0.5,x - 2.0*y + 1.00898017077437e-68,dx - 2.0*dy,4*dx*x + 2*dy*y + z*(dx - 2.0*dy),4.48E-69,-1.12E-69,4.48E-69,2.26E-137
124,-1.12E-69,4.48E-69,4.48E-69,-8.97E-69,-2,x + 0.5*y - 1.12108907863819e-69,dx + 0.5*dy,4*dx*x + 2*dy*y + z*(dx + 0.5*dy),-2.99E-69,7.47E-70,7.47E-70,1.68E-138
125,7.47E-70,7.47E-70,-2.99E-69,-1.49E-69,0.5,x - 2.0*y + 7.47392719092129e-70,dx - 2.0*dy,4*dx*x + 2*dy*y + z*(dx - 2.0*dy),3.32E-70,-8.30E-71,3.32E-70,1.24E-139
126,-8.30E-71,3.32E-70,3.32E-70,-6.64E-70,-2,x + 0.5*y - 8.3043635454681e-71,dx + 0.5*dy,4*dx*x + 2*dy*y + z*(dx + 0.5*dy),-2.21E-70,5.54E-71,5.54E-71,9.19E-141
127,5.54E-71,5.54E-71,-2.21E-70,-1.11E-70,0.5,x - 2.0*y + 5.5362423636454e-71,dx - 2.0*dy,4*dx*x + 2*dy*y + z*(dx - 2.0*dy),2.46E-71,-6.15E-72,2.46E-71,6.81E-142
128,-6.15E-72,2.46E-71,2.46E-71,-4.92E-71,-2,x + 0.5*y - 6.15138040405044e-72,dx + 0.5*dy,4*dx*x + 2*dy*y + z*(dx + 0.5*dy),-1.64E-71,4.10E-72,4.10E-72,5.05E-143
129,4.10E-72,4.10E-72,-1.64E-71,-8.20E-72,0.5,x - 2.0*y + 4.10092026936696e-72,dx - 2.0*dy,4*dx*x + 2*dy*y + z*(dx - 2.0*dy),1.82E-72,-4.56E-73,1.82E-72,3.74E-144
130,-4.56E-73,1.82E-72,1.82E-72,-3.65E-72,-2,x + 0.5*y - 4.5565780770744e-73,dx + 0.5*dy,4*dx*x + 2*dy*y + z*(dx + 0.5*dy),-1.22E-72,3.04E-73,3.04E-73,2.77E-145
131,3.04E-73,3.04E-73,-1.22E-72,-6.08E-73,0.5,x - 2.0*y + 3.0377187180496e-73,dx - 2.0*dy,4*dx*x + 2*dy*y + z*(dx - 2.0*dy),1.35E-73,-3.38E-74,1.35E-73,2.05E-146
132,-3.38E-74,1.35E-73,1.35E-73,-2.70E-73,-2,x + 0.5*y - 3.37524302005511e-74,dx + 0.5*dy,4*dx*x + 2*dy*y + z*(dx + 0.5*dy),-9.00E-74,2.25E-74,2.25E-74,1.52E-147
133,2.25E-74,2.25E-74,-9.00E-74,-4.50E-74,0.5,x - 2.0*y + 2.25016201337008e-74,dx - 2.0*dy,4*dx*x + 2*dy*y + z*(dx - 2.0*dy),1.00E-74,-2.50E-75,1.00E-74,1.13E-148
134,-2.50E-75,1.00E-74,1.00E-74,-2.00E-74,-2,x + 0.5*y - 2.50018001485564e-75,dx + 0.5*dy,4*dx*x + 2*dy*y + z*(dx + 0.5*dy),-6.67E-75,1.67E-75,1.67E-75,8.33E-150
135,1.67E-75,1.67E-75,-6.67E-75,-3.33E-75,0.5,x - 2.0*y + 1.66678667657043e-75,dx - 2.0*dy,4*dx*x + 2*dy*y + z*(dx - 2.0*dy),7.41E-76,-1.85E-76,7.41E-76,6.17E-151
136,-1.85E-76,7.41E-76,7.41E-76,-1.48E-75,-2,x + 0.5*y - 1.85198519618936e-76,dx + 0.5*dy,4*dx*x + 2*dy*y + z*(dx + 0.5*dy),-4.94E-76,1.23E-76,1.23E-76,4.57E-152
137,1.23E-76,1.23E-76,-4.94E-76,-2.47E-76,0.5,x - 2.0*y + 1.23465679745957e-76,dx - 2.0*dy,4*dx*x + 2*dy*y + z*(dx - 2.0*dy),5.49E-77,-1.37E-77,5.49E-77,3.39E-153
138,-1.37E-77,5.49E-77,5.49E-77,-1.10E-76,-2,x + 0.5*y - 1.37184088606619e-77,dx + 0.5*dy,4*dx*x + 2*dy*y + z*(dx + 0.5*dy),-3.66E-77,9.15E-78,9.15E-78,2.51E-154
139,9.15E-78,9.15E-78,-3.66E-77,-1.83E-77,0.5,x - 2.0*y + 9.14560590710796e-78,dx - 2.0*dy,4*dx*x + 2*dy*y + z*(dx - 2.0*dy),4.06E-78,-1.02E-78,4.06E-78,1.86E-155
140,-1.02E-78,4.06E-78,4.06E-78,-8.13E-78,-2,x + 0.5*y - 1.01617843412311e-78,dx + 0.5*dy,4*dx*x + 2*dy*y + z*(dx + 0.5*dy),-2.71E-78,6.77E-79,6.77E-79,1.38E-156
141,6.77E-79,6.77E-79,-2.71E-78,-1.35E-78,0.5,x - 2.0*y + 6.77452289415405e-79,dx - 2.0*dy,4*dx*x + 2*dy*y + z*(dx - 2.0*dy),3.01E-79,-7.53E-80,3.01E-79,1.02E-157
142,-7.53E-80,3.01E-79,3.01E-79,-6.02E-79,-2,x + 0.5*y - 7.52724766017116e-80,dx + 0.5*dy,4*dx*x + 2*dy*y + z*(dx + 0.5*dy),-2.01E-79,5.02E-80,5.02E-80,7.55E-159
143,5.02E-80,5.02E-80,-2.01E-79,-1.00E-79,0.5,x - 2.0*y + 5.01816510678078e-80,dx - 2.0*dy,4*dx*x + 2*dy*y + z*(dx - 2.0*dy),2.23E-80,-5.58E-81,2.23E-80,5.60E-160
144,-5.58E-81,2.23E-80,2.23E-80,-4.46E-80,-2,x + 0.5*y - 5.57573900753419e-81,dx + 0.5*dy,4*dx*x + 2*dy*y + z*(dx + 0.5*dy),-1.49E-80,3.72E-81,3.72E-81,4.15E-161
145,3.72E-81,3.72E-81,-1.49E-80,-7.43E-81,0.5,x - 2.0*y + 3.71715933835613e-81,dx - 2.0*dy,4*dx*x + 2*dy*y + z*(dx - 2.0*dy),1.65E-81,-4.13E-82,1.65E-81,3.07E-162
146,-4.13E-82,1.65E-81,1.65E-81,-3.30E-81,-2,x + 0.5*y - 4.13017704261792e-82,dx + 0.5*dy,4*dx*x + 2*dy*y + z*(dx + 0.5*dy),-1.10E-81,2.75E-82,2.75E-82,2.27E-163
147,2.75E-82,2.75E-82,-1.10E-81,-5.51E-82,0.5,x - 2.0*y + 2.75345136174528e-82,dx - 2.0*dy,4*dx*x + 2*dy*y + z*(dx - 2.0*dy),1.22E-82,-3.06E-83,1.22E-82,1.68E-164
148,-3.06E-83,1.22E-82,1.22E-82,-2.45E-82,-2,x + 0.5*y - 3.0593904019392e-83,dx + 0.5*dy,4*dx*x + 2*dy*y + z*(dx + 0.5*dy),-8.16E-83,2.04E-83,2.04E-83,1.25E-165
149,2.04E-83,2.04E-83,-8.16E-83,-4.08E-83,0.5,x - 2.0*y + 2.0395936012928e-83,dx - 2.0*dy,4*dx*x + 2*dy*y + z*(dx - 2.0*dy),9.06E-84,-2.27E-84,9.06E-84,9.24E-167
150,-2.27E-84,9.06E-84,9.06E-84,-1.81E-83,-2,x + 0.5*y - 2.26621511254756e-84,dx + 0.5*dy,4*dx*x + 2*dy*y + z*(dx + 0.5*dy),-6.04E-84,1.51E-84,1.51E-84,6.85E-168
151,1.51E-84,1.51E-84,-6.04E-84,-3.02E-84,0.5,x - 2.0*y + 1.5108100750317e-84,dx - 2.0*dy,4*dx*x + 2*dy*y + z*(dx - 2.0*dy),6.71E-85,-1.68E-85,6.71E-85,5.07E-169
152,-1.68E-85,6.71E-85,6.71E-85,-1.34E-84,-2,x + 0.5*y - 1.67867786114634e-85,dx + 0.5*dy,4*dx*x + 2*dy*y + z*(dx + 0.5*dy),-4.48E-85,1.12E-85,1.12E-85,3.76E-170
153,1.12E-85,1.12E-85,-4.48E-85,-2.24E-85,0.5,x - 2.0*y + 1.11911857409756e-85,dx - 2.0*dy,4*dx*x + 2*dy*y + z*(dx - 2.0*dy),4.97E-86,-1.24E-86,4.97E-86,2.78E-171
154,-1.24E-86,4.97E-86,4.97E-86,-9.95E-86,-2,x + 0.5*y - 1.24346508233062e-86,dx + 0.5*dy,4*dx*x + 2*dy*y + z*(dx + 0.5*dy),-3.32E-86,8.29E-87,8.29E-87,2.06E-172
155,8.29E-87,8.29E-87,-3.32E-86,-1.66E-86,0.5,x - 2.0*y + 8.28976721553747e-87,dx - 2.0*dy,4*dx*x + 2*dy*y + z*(dx - 2.0*dy),3.68E-87,-9.21E-88,3.68E-87,1.53E-173
156,-9.21E-88,3.68E-87,3.68E-87,-7.37E-87,-2,x + 0.5*y - 9.2108524617083e-88,dx + 0.5*dy,4*dx*x + 2*dy*y + z*(dx + 0.5*dy),-2.46E-87,6.14E-88,6.14E-88,1.13E-174
157,6.14E-88,6.14E-88,-2.46E-87,-1.23E-87,0.5,x - 2.0*y + 6.14056830780553e-88,dx - 2.0*dy,4*dx*x + 2*dy*y + z*(dx - 2.0*dy),2.73E-88,-6.82E-89,2.73E-88,8.38E-176
158,-6.82E-89,2.73E-88,2.73E-88,-5.46E-88,-2,x + 0.5*y - 6.82285367533948e-89,dx + 0.5*dy,4*dx*x + 2*dy*y + z*(dx + 0.5*dy),-1.82E-88,4.55E-89,4.55E-89,6.21E-177
159,4.55E-89,4.55E-89,-1.82E-88,-9.10E-89,0.5,x - 2.0*y + 4.54856911689299e-89,dx - 2.0*dy,4*dx*x + 2*dy*y + z*(dx - 2.0*dy),2.02E-89,-5.05E-90,2.02E-89,4.60E-178
160,-5.05E-90,2.02E-89,2.02E-89,-4.04E-89,-2,x + 0.5*y - 5.05396568543665e-90,dx + 0.5*dy,4*dx*x + 2*dy*y + z*(dx + 0.5*dy),-1.35E-89,3.37E-90,3.37E-90,3.41E-179
161,3.37E-90,3.37E-90,-1.35E-89,-6.74E-90,0.5,x - 2.0*y + 3.36931045695777e-90,dx - 2.0*dy,4*dx*x + 2*dy*y + z*(dx - 2.0*dy),1.50E-90,-3.74E-91,1.50E-90,2.52E-180
162,-3.74E-91,1.50E-90,1.50E-90,-2.99E-90,-2,x + 0.5*y - 3.74367828550863e-91,dx + 0.5*dy,4*dx*x + 2*dy*y + z*(dx + 0.5*dy),-9.98E-91,2.50E-91,2.50E-91,1.87E-181
163,2.50E-91,2.50E-91,-9.98E-91,-4.99E-91,0.5,x - 2.0*y + 2.49578552367242e-91,dx - 2.0*dy,4*dx*x + 2*dy*y + z*(dx - 2.0*dy),1.11E-91,-2.77E-92,1.11E-91,1.38E-182
164,-2.77E-92,1.11E-91,1.11E-91,-2.22E-91,-2,x + 0.5*y - 2.77309502630269e-92,dx + 0.5*dy,4*dx*x + 2*dy*y + z*(dx + 0.5*dy),-7.39E-92,1.85E-92,1.85E-92,1.03E-183
165,1.85E-92,1.85E-92,-7.39E-92,-3.70E-92,0.5,x - 2.0*y + 1.84873001753513e-92,dx - 2.0*dy,4*dx*x + 2*dy*y + z*(dx - 2.0*dy),8.22E-93,-2.05E-93,8.22E-93,7.60E-185
166,-2.05E-93,8.22E-93,8.22E-93,-1.64E-92,-2,x + 0.5*y - 2.05414446392792e-93,dx + 0.5*dy,4*dx*x + 2*dy*y + z*(dx + 0.5*dy),-5.48E-93,1.37E-93,1.37E-93,5.63E-186
167,1.37E-93,1.37E-93,-5.48E-93,-2.74E-93,0.5,x - 2.0*y + 1.36942964261861e-93,dx - 2.0*dy,4*dx*x + 2*dy*y + z*(dx - 2.0*dy),6.09E-94,-1.52E-94,6.09E-94,4.17E-187
168,-1.52E-94,6.09E-94,6.09E-94,-1.22E-93,-2,x + 0.5*y - 1.52158849179846e-94,dx + 0.5*dy,4*dx*x + 2*dy*y + z*(dx + 0.5*dy),-4.06E-94,1.01E-94,1.01E-94,3.09E-188
169,1.01E-94,1.01E-94,-4.06E-94,-2.03E-94,0.5,x - 2.0*y + 1.01439232786564e-94,dx - 2.0*dy,4*dx*x + 2*dy*y + z*(dx - 2.0*dy),4.51E-95,-1.13E-95,4.51E-95,2.29E-189
170,-1.13E-95,4.51E-95,4.51E-95,-9.02E-95,-2,x + 0.5*y - 1.12710258651738e-95,dx + 0.5*dy,4*dx*x + 2*dy*y + z*(dx + 0.5*dy),-3.01E-95,7.51E-96,7.51E-96,1.69E-190
171,7.51E-96,7.51E-96,-3.01E-95,-1.50E-95,0.5,x - 2.0*y + 7.51401724344918e-96,dx - 2.0*dy,4*dx*x + 2*dy*y + z*(dx - 2.0*dy),3.34E-96,-8.35E-97,3.34E-96,1.25E-191
172,-8.35E-97,3.34E-96,3.34E-96,-6.68E-96,-2,x + 0.5*y - 8.34890804827686e-97,dx + 0.5*dy,4*dx*x + 2*dy*y + z*(dx + 0.5*dy),-2.23E-96,5.57E-97,5.57E-97,9.29E-193
173,5.57E-97,5.57E-97,-2.23E-96,-1.11E-96,0.5,x - 2.0*y + 5.56593869885124e-97,dx - 2.0*dy,4*dx*x + 2*dy*y + z*(dx - 2.0*dy),2.47E-97,-6.18E-98,2.47E-97,6.88E-194
174,-6.18E-98,2.47E-97,2.47E-97,-4.95E-97,-2,x + 0.5*y - 6.18437633205694e-98,dx + 0.5*dy,4*dx*x + 2*dy*y + z*(dx + 0.5*dy),-1.65E-97,4.12E-98,4.12E-98,5.10E-195
175,4.12E-98,4.12E-98,-1.65E-97,-8.25E-98,0.5,x - 2.0*y + 4.12291755470462e-98,dx - 2.0*dy,4*dx*x + 2*dy*y + z*(dx - 2.0*dy),1.83E-98,-4.58E-99,1.83E-98,3.78E-196
176,-4.58E-99,1.83E-98,1.83E-98,-3.66E-98,-2,x + 0.5*y - 4.58101950522736e-99,dx + 0.5*dy,4*dx*x + 2*dy*y + z*(dx + 0.5*dy),-1.22E-98,3.05E-99,3.05E-99,2.80E-197
177,3.05E-99,3.05E-99,-1.22E-98,-6.11E-99,0.5,x - 2.0*y + 3.05401300348491e-99,dx - 2.0*dy,4*dx*x + 2*dy*y + z*(dx - 2.0*dy),1.36E-99,-3.39E-100,1.36E-99,2.07E-198
178,-3.39E-100,1.36E-99,1.36E-99,-2.71E-99,-2,x + 0.5*y - 3.3933477816499e-100,dx + 0.5*dy,4*dx*x + 2*dy*y + z*(dx + 0.5*dy),-9.05E-100,2.26E-100,2.26E-100,1.54E-199
179,2.26E-100,2.26E-100,-9.05E-100,-4.52E-100,0.5,x - 2.0*y + 2.26223185443326e-100,dx - 2.0*dy,4*dx*x + 2*dy*y + z*(dx - 2.0*dy),1.01E-100,-2.51E-101,1.01E-100,1.14E-200
180,-2.51E-101,1.01E-100,1.01E-100,-2.01E-100,-2,x + 0.5*y - 2.51359094937029e-101,dx + 0.5*dy,4*dx*x + 2*dy*y + z*(dx + 0.5*dy),-6.70E-101,1.68E-101,1.68E-101,8.42E-202
181,1.68E-101,1.68E-101,-6.70E-101,-3.35E-101,0.5,x - 2.0*y + 1.6757272995802e-101,dx - 2.0*dy,4*dx*x + 2*dy*y + z*(dx - 2.0*dy),7.45E-102,-1.86E-102,7.45E-102,6.24E-203
182,-1.86E-102,7.45E-102,7.45E-102,-1.49E-101,-2,x + 0.5*y - 1.86191922175577e-102,dx + 0.5*dy,4*dx*x + 2*dy*y + z*(dx + 0.5*dy),-4.97E-102,1.24E-102,1.24E-102,4.62E-204
183,1.24E-102,1.24E-102,-4.97E-102,-2.48E-102,0.5,x - 2.0*y + 1.24127948117052e-102,dx - 2.0*dy,4*dx*x + 2*dy*y + z*(dx - 2.0*dy),5.52E-103,-1.38E-103,5.52E-103,3.42E-205
184,-1.38E-103,5.52E-103,5.52E-103,-1.10E-102,-2,x + 0.5*y - 1.37919942352279e-103,dx + 0.5*dy,4*dx*x + 2*dy*y + z*(dx + 0.5*dy),-3.68E-103,9.19E-104,9.19E-104,2.54E-206
185,9.19E-104,9.19E-104,-3.68E-103,-1.84E-103,0.5,x - 2.0*y + 9.1946628234853e-104,dx - 2.0*dy,4*dx*x + 2*dy*y + z*(dx - 2.0*dy),4.09E-104,-1.02E-104,4.09E-104,1.88E-207
186,-1.02E-104,4.09E-104,4.09E-104,-8.17E-104,-2,x + 0.5*y - 1.02162920260948e-104,dx + 0.5*dy,4*dx*x + 2*dy*y + z*(dx + 0.5*dy),-2.72E-104,6.81E-105,6.81E-105,1.39E-208
187,6.81E-105,6.81E-105,-2.72E-104,-1.36E-104,0.5,x - 2.0*y + 6.81086135072985e-105,dx - 2.0*dy,4*dx*x + 2*dy*y + z*(dx - 2.0*dy),3.03E-105,-7.57E-106,3.03E-105,1.03E-209
188,-7.57E-106,3.03E-105,3.03E-105,-6.05E-105,-2,x + 0.5*y - 7.56762372303317e-106,dx + 0.5*dy,4*dx*x + 2*dy*y + z*(dx + 0.5*dy),-2.02E-105,5.05E-106,5.05E-106,7.64E-211
189,5.05E-106,5.05E-106,-2.02E-105,-1.01E-105,0.5,x - 2.0*y + 5.04508248202211e-106,dx - 2.0*dy,4*dx*x + 2*dy*y + z*(dx - 2.0*dy),2.24E-106,-5.61E-107,2.24E-106,5.66E-212
190,-5.61E-107,2.24E-106,2.24E-106,-4.48E-106,-2,x + 0.5*y - 5.60564720224679e-107,dx + 0.5*dy,4*dx*x + 2*dy*y + z*(dx + 0.5*dy),-1.49E-106,3.74E-107,3.74E-107,4.19E-213
191,3.74E-107,3.74E-107,-1.49E-106,-7.47E-107,0.5,x - 2.0*y + 3.73709813483119e-107,dx - 2.0*dy,4*dx*x + 2*dy*y + z*(dx - 2.0*dy),1.66E-107,-4.15E-108,1.66E-107,3.10E-214
192,-4.15E-108,1.66E-107,1.66E-107,-3.32E-107,-2,x + 0.5*y - 4.15233126092355e-108,dx + 0.5*dy,4*dx*x + 2*dy*y + z*(dx + 0.5*dy),-1.11E-107,2.77E-108,2.77E-108,2.30E-215
193,2.77E-108,2.77E-108,-1.11E-107,-5.54E-108,0.5,x - 2.0*y + 2.7682208406157e-108,dx - 2.0*dy,4*dx*x + 2*dy*y + z*(dx - 2.0*dy),1.23E-108,-3.08E-109,1.23E-108,1.70E-216
194,-3.08E-109,1.23E-108,1.23E-108,-2.46E-108,-2,x + 0.5*y - 3.07580093401744e-109,dx + 0.5*dy,4*dx*x + 2*dy*y + z*(dx + 0.5*dy),-8.20E-109,2.05E-109,2.05E-109,1.26E-217
195,2.05E-109,2.05E-109,-8.20E-109,-4.10E-109,0.5,x - 2.0*y + 2.05053395601163e-109,dx - 2.0*dy,4*dx*x + 2*dy*y + z*(dx - 2.0*dy),9.11E-110,-2.28E-110,9.11E-110,9.34E-219
196,-2.28E-110,9.11E-110,9.11E-110,-1.82E-109,-2,x + 0.5*y - 2.27837106223514e-110,dx + 0.5*dy,4*dx*x + 2*dy*y + z*(dx + 0.5*dy),-6.08E-110,1.52E-110,1.52E-110,6.92E-220
197,1.52E-110,1.52E-110,-6.08E-110,-3.04E-110,0.5,x - 2.0*y + 1.5189140414901e-110,dx - 2.0*dy,4*dx*x + 2*dy*y + z*(dx - 2.0*dy),6.75E-111,-1.69E-111,6.75E-111,5.13E-221
198,-1.69E-111,6.75E-111,6.75E-111,-1.35E-110,-2,x + 0.5*y - 1.68768226832233e-111,dx + 0.5*dy,4*dx*x + 2*dy*y + z*(dx + 0.5*dy),-4.50E-111,1.13E-111,1.13E-111,3.80E-222
199,1.13E-111,1.13E-111,-4.50E-111,-2.25E-111,0.5,x - 2.0*y + 1.12512151221489e-111,dx - 2.0*dy,4*dx*x + 2*dy*y + z*(dx - 2.0*dy),5.00E-112,-1.25E-112,5.00E-112,2.81E-223
200,-1.25E-112,5.00E-112,5.00E-112,-1.00E-111,-2,x + 0.5*y - 1.25013501357209e-112,dx + 0.5*dy,4*dx*x + 2*dy*y + z*(dx + 0.5*dy),-3.33E-112,8.33E-113,8.33E-113,2.08E-224
201,8.33E-113,8.33E-113,-3.33E-112,-1.67E-112,0.5,x - 2.0*y + 8.33423342381397e-113,dx - 2.0*dy,4*dx*x + 2*dy*y + z*(dx - 2.0*dy),3.70E-113,-9.26E-114,3.70E-113,1.54E-225
202,-9.26E-114,3.70E-113,3.70E-113,-7.41E-113,-2,x + 0.5*y - 9.26025935979329e-114,dx + 0.5*dy,4*dx*x + 2*dy*y + z*(dx + 0.5*dy),-2.47E-113,6.17E-114,6.17E-114,1.14E-226
203,6.17E-114,6.17E-114,-2.47E-113,-1.23E-113,0.5,x - 2.0*y + 6.1735062398622e-114,dx - 2.0*dy,4*dx*x + 2*dy*y + z*(dx - 2.0*dy),2.74E-114,-6.86E-115,2.74E-114,8.47E-228
204,-6.86E-115,2.74E-114,2.74E-114,-5.49E-114,-2,x + 0.5*y - 6.85945137762466e-115,dx + 0.5*dy,4*dx*x + 2*dy*y + z*(dx + 0.5*dy),-1.83E-114,4.57E-115,4.57E-115,6.27E-229
205,4.57E-115,4.57E-115,-1.83E-114,-9.15E-115,0.5,x - 2.0*y + 4.57296758508311e-115,dx - 2.0*dy,4*dx*x + 2*dy*y + z*(dx - 2.0*dy),2.03E-115,-5.08E-116,2.03E-115,4.65E-230
206,-5.08E-116,2.03E-115,2.03E-115,-4.06E-115,-2,x + 0.5*y - 5.08107509453679e-116,dx + 0.5*dy,4*dx*x + 2*dy*y + z*(dx + 0.5*dy),-1.35E-115,3.39E-116,3.39E-116,3.44E-231
207,3.39E-116,3.39E-116,-1.35E-115,-6.77E-116,0.5,x - 2.0*y + 3.38738339635786e-116,dx - 2.0*dy,4*dx*x + 2*dy*y + z*(dx - 2.0*dy),1.51E-116,-3.76E-117,1.51E-116,2.55E-232
208,-3.76E-117,1.51E-116,1.51E-116,-3.01E-116,-2,x + 0.5*y - 3.76375932928651e-117,dx + 0.5*dy,4*dx*x + 2*dy*y + z*(dx + 0.5*dy),-1.00E-116,2.51E-117,2.51E-117,1.89E-233
209,2.51E-117,2.51E-117,-1.00E-116,-5.02E-117,0.5,x - 2.0*y + 2.50917288619101e-117,dx - 2.0*dy,4*dx*x + 2*dy*y + z*(dx - 2.0*dy),1.12E-117,-2.79E-118,1.12E-117,1.40E-234
210,-2.79E-118,1.12E-117,1.12E-117,-2.23E-117,-2,x + 0.5*y - 2.78796987354556e-118,dx + 0.5*dy,4*dx*x + 2*dy*y + z*(dx + 0.5*dy),-7.43E-118,1.86E-118,1.86E-118,1.04E-235
211,1.86E-118,1.86E-118,-7.43E-118,-3.72E-118,0.5,x - 2.0*y + 1.85864658236371e-118,dx - 2.0*dy,4*dx*x + 2*dy*y + z*(dx - 2.0*dy),8.26E-119,-2.07E-119,8.26E-119,7.68E-237
212,-2.07E-119,8.26E-119,8.26E-119,-1.65E-118,-2,x + 0.5*y - 2.06516286929301e-119,dx + 0.5*dy,4*dx*x + 2*dy*y + z*(dx + 0.5*dy),-5.51E-119,1.38E-119,1.38E-119,5.69E-238
213,1.38E-119,1.38E-119,-5.51E-119,-2.75E-119,0.5,x - 2.0*y + 1.37677524619534e-119,dx - 2.0*dy,4*dx*x + 2*dy*y + z*(dx - 2.0*dy),6.12E-120,-1.53E-120,6.12E-120,4.21E-239
214,-1.53E-120,6.12E-120,6.12E-120,-1.22E-119,-2,x + 0.5*y - 1.52975027355038e-120,dx + 0.5*dy,4*dx*x + 2*dy*y + z*(dx + 0.5*dy),-4.08E-120,1.02E-120,1.02E-120,3.12E-240
215,1.02E-120,1.02E-120,-4.08E-120,-2.04E-120,0.5,x - 2.0*y + 1.01983351570025e-120,dx - 2.0*dy,4*dx*x + 2*dy*y + z*(dx - 2.0*dy),4.53E-121,-1.13E-121,4.53E-121,2.31E-241
216,-1.13E-121,4.53E-121,4.53E-121,-9.07E-121,-2,x + 0.5*y - 1.13314835077806e-121,dx + 0.5*dy,4*dx*x + 2*dy*y + z*(dx + 0.5*dy),-3.02E-121,7.55E-122,7.55E-122,1.71E-242
217,7.55E-122,7.55E-122,-3.02E-121,-1.51E-121,0.5,x - 2.0*y + 7.55432233852038e-122,dx - 2.0*dy,4*dx*x + 2*dy*y + z*(dx - 2.0*dy),3.36E-122,-8.39E-123,3.36E-122,1.27E-243
218,-8.39E-123,3.36E-122,3.36E-122,-6.71E-122,-2,x + 0.5*y - 8.39369148724487e-123,dx + 0.5*dy,4*dx*x + 2*dy*y + z*(dx + 0.5*dy),-2.24E-122,5.60E-123,5.60E-123,9.39E-245
219,5.60E-123,5.60E-123,-2.24E-122,-1.12E-122,0.5,x - 2.0*y + 5.59579432482991e-123,dx - 2.0*dy,4*dx*x + 2*dy*y + z*(dx - 2.0*dy),2.49E-123,-6.22E-124,2.49E-123,6.96E-246
220,-6.22E-124,2.49E-123,2.49E-123,-4.97E-123,-2,x + 0.5*y - 6.21754924981101e-124,dx + 0.5*dy,4*dx*x + 2*dy*y + z*(dx + 0.5*dy),-1.66E-123,4.15E-124,4.15E-124,5.15E-247
221,4.15E-124,4.15E-124,-1.66E-123,-8.29E-124,0.5,x - 2.0*y + 4.14503283320734e-124,dx - 2.0*dy,4*dx*x + 2*dy*y + z*(dx - 2.0*dy),1.84E-124,-4.61E-125,1.84E-124,3.82E-248
222,-4.61E-125,1.84E-124,1.84E-124,-3.68E-124,-2,x + 0.5*y - 4.60559203689705e-125,dx + 0.5*dy,4*dx*x + 2*dy*y + z*(dx + 0.5*dy),-1.23E-124,3.07E-125,3.07E-125,2.83E-249
223,3.07E-125,3.07E-125,-1.23E-124,-6.14E-125,0.5,x - 2.0*y + 3.0703946912647e-125,dx - 2.0*dy,4*dx*x + 2*dy*y + z*(dx - 2.0*dy),1.36E-125,-3.41E-126,1.36E-125,2.09E-250
224,-3.41E-126,1.36E-125,1.36E-125,-2.73E-125,-2,x + 0.5*y - 3.41154965696078e-126,dx + 0.5*dy,4*dx*x + 2*dy*y + z*(dx + 0.5*dy),-9.10E-126,2.27E-126,2.27E-126,1.55E-251
225,2.27E-126,2.27E-126,-9.10E-126,-4.55E-126,0.5,x - 2.0*y + 2.27436643797385e-126,dx - 2.0*dy,4*dx*x + 2*dy*y + z*(dx - 2.0*dy),1.01E-126,-2.53E-127,1.01E-126,1.15E-252
226,-2.53E-127,1.01E-126,1.01E-126,-2.02E-126,-2,x + 0.5*y - 2.52707381997094e-127,dx + 0.5*dy,4*dx*x + 2*dy*y + z*(dx + 0.5*dy),-6.74E-127,1.68E-127,1.68E-127,8.51E-254
227,1.68E-127,1.68E-127,-6.74E-127,-3.37E-127,0.5,x - 2.0*y + 1.68471587998063e-127,dx - 2.0*dy,4*dx*x + 2*dy*y + z*(dx - 2.0*dy),7.49E-128,-1.87E-128,7.49E-128,6.31E-255
228,-1.87E-128,7.49E-128,7.49E-128,-1.50E-127,-2,x + 0.5*y - 1.87190653331181e-128,dx + 0.5*dy,4*dx*x + 2*dy*y + z*(dx + 0.5*dy),-4.99E-128,1.25E-128,1.25E-128,4.67E-256
229,1.25E-128,1.25E-128,-4.99E-128,-2.50E-128,0.5,x - 2.0*y + 1.24793768887454e-128,dx - 2.0*dy,4*dx*x + 2*dy*y + z*(dx - 2.0*dy),5.55E-129,-1.39E-129,5.55E-129,3.46E-257
230,-1.39E-129,5.55E-129,5.55E-129,-1.11E-128,-2,x + 0.5*y - 1.38659743208282e-129,dx + 0.5*dy,4*dx*x + 2*dy*y + z*(dx + 0.5*dy),-3.70E-129,9.24E-130,9.24E-130,2.56E-258
231,9.24E-130,9.24E-130,-3.70E-129,-1.85E-129,0.5,x - 2.0*y + 9.24398288055215e-130,dx - 2.0*dy,4*dx*x + 2*dy*y + z*(dx - 2.0*dy),4.11E-130,-1.03E-130,4.11E-130,1.90E-259
232,-1.03E-130,4.11E-130,4.11E-130,-8.22E-130,-2,x + 0.5*y - 1.02710920895024e-130,dx + 0.5*dy,4*dx*x + 2*dy*y + z*(dx + 0.5*dy),-2.74E-130,6.85E-131,6.85E-131,1.41E-260
233,6.85E-131,6.85E-131,-2.74E-130,-1.37E-130,0.5,x - 2.0*y + 6.84739472633493e-131,dx - 2.0*dy,4*dx*x + 2*dy*y + z*(dx - 2.0*dy),3.04E-131,-7.61E-132,3.04E-131,1.04E-261
234,-7.61E-132,3.04E-131,3.04E-131,-6.09E-131,-2,x + 0.5*y - 7.60821636259436e-132,dx + 0.5*dy,4*dx*x + 2*dy*y + z*(dx + 0.5*dy),-2.03E-131,5.07E-132,5.07E-132,7.72E-263
235,5.07E-132,5.07E-132,-2.03E-131,-1.01E-131,0.5,x - 2.0*y + 5.07214424172957e-132,dx - 2.0*dy,4*dx*x + 2*dy*y + z*(dx - 2.0*dy),2.25E-132,-5.64E-133,2.25E-132,5.72E-264
236,-5.64E-133,2.25E-132,2.25E-132,-4.51E-132,-2,x + 0.5*y - 5.63571582414397e-133,dx + 0.5*dy,4*dx*x + 2*dy*y + z*(dx + 0.5*dy),-1.50E-132,3.76E-133,3.76E-133,4.23E-265
237,3.76E-133,3.76E-133,-1.50E-132,-7.51E-133,0.5,x - 2.0*y + 3.75714388276265e-133,dx - 2.0*dy,4*dx*x + 2*dy*y + z*(dx - 2.0*dy),1.67E-133,-4.17E-134,1.67E-133,3.14E-266
238,-4.17E-134,1.67E-133,1.67E-133,-3.34E-133,-2,x + 0.5*y - 4.17460431418072e-134,dx + 0.5*dy,4*dx*x + 2*dy*y + z*(dx + 0.5*dy),-1.11E-133,2.78E-134,2.78E-134,2.32E-267
239,2.78E-134,2.78E-134,-1.11E-133,-5.57E-134,0.5,x - 2.0*y + 2.78306954278715e-134,dx - 2.0*dy,4*dx*x + 2*dy*y + z*(dx - 2.0*dy),1.24E-134,-3.09E-135,1.24E-134,1.72E-268
240,-3.09E-135,1.24E-134,1.24E-134,-2.47E-134,-2,x + 0.5*y - 3.09229949198572e-135,dx + 0.5*dy,4*dx*x + 2*dy*y + z*(dx + 0.5*dy),-8.25E-135,2.06E-135,2.06E-135,1.27E-269
241,2.06E-135,2.06E-135,-8.25E-135,-4.12E-135,0.5,x - 2.0*y + 2.06153299465715e-135,dx - 2.0*dy,4*dx*x + 2*dy*y + z*(dx - 2.0*dy),9.16E-136,-2.29E-136,9.16E-136,9.44E-271
242,-2.29E-136,9.16E-136,9.16E-136,-1.83E-135,-2,x + 0.5*y - 2.29059221628572e-136,dx + 0.5*dy,4*dx*x + 2*dy*y + z*(dx + 0.5*dy),-6.11E-136,1.53E-136,1.53E-136,7.00E-272
243,1.53E-136,1.53E-136,-6.11E-136,-3.05E-136,0.5,x - 2.0*y + 1.52706147752381e-136,dx - 2.0*dy,4*dx*x + 2*dy*y + z*(dx - 2.0*dy),6.79E-137,-1.70E-137,6.79E-137,5.18E-273
244,-1.70E-137,6.79E-137,6.79E-137,-1.36E-136,-2,x + 0.5*y - 1.69673497502646e-137,dx + 0.5*dy,4*dx*x + 2*dy*y + z*(dx + 0.5*dy),-4.52E-137,1.13E-137,1.13E-137,3.84E-274
245,1.13E-137,1.13E-137,-4.52E-137,-2.26E-137,0.5,x - 2.0*y + 1.13115665001764e-137,dx - 2.0*dy,4*dx*x + 2*dy*y + z*(dx - 2.0*dy),5.03E-138,-1.26E-138,5.03E-138,2.84E-275
246,-1.26E-138,5.03E-138,5.03E-138,-1.01E-137,-2,x + 0.5*y - 1.25684072224182e-138,dx + 0.5*dy,4*dx*x + 2*dy*y + z*(dx + 0.5*dy),-3.35E-138,8.38E-139,8.38E-139,2.11E-276
247,8.38E-139,8.38E-139,-3.35E-138,-1.68E-138,0.5,x - 2.0*y + 8.3789381482788e-139,dx - 2.0*dy,4*dx*x + 2*dy*y + z*(dx - 2.0*dy),3.72E-139,-9.31E-140,3.72E-139,1.56E-277
248,-9.31E-140,3.72E-139,3.72E-139,-7.45E-139,-2,x + 0.5*y - 9.30993127586534e-140,dx + 0.5*dy,4*dx*x + 2*dy*y + z*(dx + 0.5*dy),-2.48E-139,6.21E-140,6.21E-140,1.16E-278
249,6.21E-140,6.21E-140,-2.48E-139,-1.24E-139,0.5,x - 2.0*y + 6.20662085057689e-140,dx - 2.0*dy,4*dx*x + 2*dy*y + z*(dx - 2.0*dy),2.76E-140,-6.90E-141,2.76E-140,8.56E-280
250,-6.90E-141,2.76E-140,2.76E-140,-5.52E-140,-2,x + 0.5*y - 6.89624538952988e-141,dx + 0.5*dy,4*dx*x + 2*dy*y + z*(dx + 0.5*dy),-1.84E-140,4.60E-141,4.60E-141,6.34E-281
251,4.60E-141,4.60E-141,-1.84E-140,-9.19E-141,0.5,x - 2.0*y + 4.59749692635325e-141,dx - 2.0*dy,4*dx*x + 2*dy*y + z*(dx - 2.0*dy),2.04E-141,-5.11E-142,2.04E-141,4.70E-282
252,-5.11E-142,2.04E-141,2.04E-141,-4.09E-141,-2,x + 0.5*y - 5.10832991817028e-142,dx + 0.5*dy,4*dx*x + 2*dy*y + z*(dx + 0.5*dy),-1.36E-141,3.41E-142,3.41E-142,3.48E-283
253,3.41E-142,3.41E-142,-1.36E-141,-6.81E-142,0.5,x - 2.0*y + 3.40555327878019e-142,dx - 2.0*dy,4*dx*x + 2*dy*y + z*(dx - 2.0*dy),1.51E-142,-3.78E-143,1.51E-142,2.58E-284
254,-3.78E-143,1.51E-142,1.51E-142,-3.03E-142,-2,x + 0.5*y - 3.78394808753354e-143,dx + 0.5*dy,4*dx*x + 2*dy*y + z*(dx + 0.5*dy),-1.01E-142,2.52E-143,2.52E-143,1.91E-285
255,2.52E-143,2.52E-143,-1.01E-142,-5.05E-143,0.5,x - 2.0*y + 2.52263205835569e-143,dx - 2.0*dy,4*dx*x + 2*dy*y + z*(dx - 2.0*dy),1.12E-143,-2.80E-144,1.12E-143,1.41E-286
256,-2.80E-144,1.12E-143,1.12E-143,-2.24E-143,-2,x + 0.5*y - 2.80292450928411e-144,dx + 0.5*dy,4*dx*x + 2*dy*y + z*(dx + 0.5*dy),-7.47E-144,1.87E-144,1.87E-144,1.05E-287
257,1.87E-144,1.87E-144,-7.47E-144,-3.74E-144,0.5,x - 2.0*y + 1.86861633952274e-144,dx - 2.0*dy,4*dx*x + 2*dy*y + z*(dx - 2.0*dy),8.30E-145,-2.08E-145,8.30E-145,7.76E-289
258,-2.08E-145,8.30E-145,8.30E-145,-1.66E-144,-2,x + 0.5*y - 2.07624037724749e-145,dx + 0.5*dy,4*dx*x + 2*dy*y + z*(dx + 0.5*dy),-5.54E-145,1.38E-145,1.38E-145,5.75E-290
259,1.38E-145,1.38E-145,-5.54E-145,-2.77E-145,0.5,x - 2.0*y + 1.38416025149832e-145,dx - 2.0*dy,4*dx*x + 2*dy*y + z*(dx - 2.0*dy),6.15E-146,-1.54E-146,6.15E-146,4.26E-291
260,-1.54E-146,6.15E-146,6.15E-146,-1.23E-145,-2,x + 0.5*y - 1.53795583499814e-146,dx + 0.5*dy,4*dx*x + 2*dy*y + z*(dx + 0.5*dy),-4.10E-146,1.03E-146,1.03E-146,3.15E-292
261,1.03E-146,1.03E-146,-4.10E-146,-2.05E-146,0.5,x - 2.0*y + 1.02530388999876e-146,dx - 2.0*dy,4*dx*x + 2*dy*y + z*(dx - 2.0*dy),4.56E-147,-1.14E-147,4.56E-147,2.34E-293
262,-1.14E-147,4.56E-147,4.56E-147,-9.11E-147,-2,x + 0.5*y - 1.13922654444306e-147,dx + 0.5*dy,4*dx*x + 2*dy*y + z*(dx + 0.5*dy),-3.04E-147,7.59E-148,7.59E-148,1.73E-294
263,7.59E-148,7.59E-148,-3.04E-147,-1.52E-147,0.5,x - 2.0*y + 7.59484362962043e-148,dx - 2.0*dy,4*dx*x + 2*dy*y + z*(dx - 2.0*dy),3.38E-148,-8.44E-149,3.38E-148,1.28E-295
264,-8.44E-149,3.38E-148,3.38E-148,-6.75E-148,-2,x + 0.5*y - 8.4387151440227e-149,dx + 0.5*dy,4*dx*x + 2*dy*y + z*(dx + 0.5*dy),-2.25E-148,5.63E-149,5.63E-149,9.49E-297
265,5.63E-149,5.63E-149,-2.25E-148,-1.13E-148,0.5,x - 2.0*y + 5.62581009601513e-149,dx - 2.0*dy,4*dx*x + 2*dy*y + z*(dx - 2.0*dy),2.50E-149,-6.25E-150,2.50E-149,7.03E-298
266,-6.25E-150,2.50E-149,2.50E-149,-5.00E-149,-2,x + 0.5*y - 6.25090010668348e-150,dx + 0.5*dy,4*dx*x + 2*dy*y + z*(dx + 0.5*dy),-1.67E-149,4.17E-150,4.17E-150,5.21E-299
267,4.17E-150,4.17E-150,-1.67E-149,-8.33E-150,0.5,x - 2.0*y + 4.16726673778899e-150,dx - 2.0*dy,4*dx*x + 2*dy*y + z*(dx - 2.0*dy),1.85E-150,-4.63E-151,1.85E-150,3.86E-300
268,-4.63E-151,1.85E-150,1.85E-150,-3.70E-150,-2,x + 0.5*y - 4.6302963753211e-151,dx + 0.5*dy,4*dx*x + 2*dy*y + z*(dx + 0.5*dy),-1.23E-150,3.09E-151,3.09E-151,2.86E-301
269,3.09E-151,3.09E-151,-1.23E-150,-6.17E-151,0.5,x - 2.0*y + 3.08686425021407e-151,dx - 2.0*dy,4*dx*x + 2*dy*y + z*(dx - 2.0*dy),1.37E-151,-3.43E-152,1.37E-151,2.12E-302
270,-3.43E-152,1.37E-151,1.37E-151,-2.74E-151,-2,x + 0.5*y - 3.42984916690452e-152,dx + 0.5*dy,4*dx*x + 2*dy*y + z*(dx + 0.5*dy),-9.15E-152,2.29E-152,2.29E-152,1.57E-303
271,2.29E-152,2.29E-152,-9.15E-152,-4.57E-152,0.5,x - 2.0*y + 2.28656611126968e-152,dx - 2.0*dy,4*dx*x + 2*dy*y + z*(dx - 2.0*dy),1.02E-152,-2.54E-153,1.02E-152,1.16E-304
272,-2.54E-153,1.02E-152,1.02E-152,-2.03E-152,-2,x + 0.5*y - 2.54062901252186e-153,dx + 0.5*dy,4*dx*x + 2*dy*y + z*(dx + 0.5*dy),-6.78E-153,1.69E-153,1.69E-153,8.61E-306
273,1.69E-153,1.69E-153,-6.78E-153,-3.39E-153,0.5,x - 2.0*y + 1.69375267501458e-153,dx - 2.0*dy,4*dx*x + 2*dy*y + z*(dx - 2.0*dy),7.53E-154,-1.88E-154,7.53E-154,6.38E-307
274,-1.88E-154,7.53E-154,7.53E-154,-1.51E-153,-2,x + 0.5*y - 1.88194741668286e-154,dx + 0.5*dy,4*dx*x + 2*dy*y + z*(dx + 0.5*dy),-5.02E-154,1.25E-154,1.25E-154,4.72E-308
275,1.25E-154,1.25E-154,-5.02E-154,-2.51E-154,0.5,x - 2.0*y + 1.25463161112191e-154,dx - 2.0*dy,4*dx*x + 2*dy*y + z*(dx - 2.0*dy),5.58E-155,-1.39E-155,5.58E-155,0.00E+00
276,-1.39E-155,5.58E-155,5.58E-155,-1.12E-154,-2,x + 0.5*y - 1.39403512346879e-155,dx + 0.5*dy,4*dx*x + 2*dy*y + z*(dx + 0.5*dy),-3.72E-155,9.29E-156,9.29E-156,2.59111190061947e-310
277,9.29E-156,9.29E-156,-3.72E-155,-1.86E-155,0.5,x - 2.0*y + 9.29356748979191e-156,dx - 2.0*dy,4*dx*x + 2*dy*y + z*(dx - 2.0*dy),4.13E-156,-1.03E-156,4.13E-156,1.9193421486067e-311
278,-1.03E-156,4.13E-156,4.13E-156,-8.26E-156,-2,x + 0.5*y - 1.03261860997688e-156,dx + 0.5*dy,4*dx*x + 2*dy*y + z*(dx + 0.5*dy),-2.75E-156,6.88E-157,6.88E-157,1.421734924893e-312
279,6.88E-157,6.88E-157,-2.75E-156,-1.38E-156,0.5,x - 2.0*y + 6.88412406651253e-157,dx - 2.0*dy,4*dx*x + 2*dy*y + z*(dx - 2.0*dy),3.06E-157,-7.65E-158,3.06E-157,1.05313698137e-313
280,-7.65E-158,3.06E-157,3.06E-157,-6.12E-157,-2,x + 0.5*y - 7.64902674056948e-158,dx + 0.5*dy,4*dx*x + 2*dy*y + z*(dx + 0.5*dy),-2.04E-157,5.10E-158,5.10E-158,7.801014674e-315
281,5.10E-158,5.10E-158,-2.04E-157,-1.02E-157,0.5,x - 2.0*y + 5.09935116037965e-158,dx - 2.0*dy,4*dx*x + 2*dy*y + z*(dx - 2.0*dy),2.27E-158,-5.67E-159,2.27E-158,5.77852934e-316
282,-5.67E-159,2.27E-158,2.27E-158,-4.53E-158,-2,x + 0.5*y - 5.66594573375517e-159,dx + 0.5*dy,4*dx*x + 2*dy*y + z*(dx + 0.5*dy),-1.51E-158,3.78E-159,3.78E-159,4.280392e-317
283,3.78E-159,3.78E-159,-1.51E-158,-7.55E-159,0.5,x - 2.0*y + 3.77729715583678e-159,dx - 2.0*dy,4*dx*x + 2*dy*y + z*(dx - 2.0*dy),1.68E-159,-4.20E-160,1.68E-159,3.170656e-318
284,-4.20E-160,1.68E-159,1.68E-159,-3.36E-159,-2,x + 0.5*y - 4.19699683981864e-160,dx + 0.5*dy,4*dx*x + 2*dy*y + z*(dx + 0.5*dy),-1.12E-159,2.80E-160,2.80E-160,2.3486e-319
285,2.80E-160,2.80E-160,-1.12E-159,-5.60E-160,0.5,x - 2.0*y + 2.79799789321243e-160,dx - 2.0*dy,4*dx*x + 2*dy*y + z*(dx - 2.0*dy),1.24E-160,-3.11E-161,1.24E-160,1.7396e-320
286,-3.11E-161,1.24E-160,1.24E-160,-2.49E-160,-2,x + 0.5*y - 3.10888654801381e-161,dx + 0.5*dy,4*dx*x + 2*dy*y + z*(dx + 0.5*dy),-8.29E-161,2.07E-161,2.07E-161,1.285e-321
287,2.07E-161,2.07E-161,-8.29E-161,-4.15E-161,0.5,x - 2.0*y + 2.07259103200921e-161,dx - 2.0*dy,4*dx*x + 2*dy*y + z*(dx - 2.0*dy),9.21E-162,-2.30E-162,9.21E-162,9.4e-323
288,-2.30E-162,9.21E-162,9.21E-162,-1.84E-161,-2,x + 0.5*y - 2.30287892445467e-162,dx + 0.5*dy,4*dx*x + 2*dy*y + z*(dx + 0.5*dy),-6.14E-162,1.54E-162,1.54E-162,5e-324
289,1.54E-162,1.54E-162,-6.14E-162,-3.07E-162,0.5,x - 2.0*y + 1.53525261630312e-162,dx - 2.0*dy,4*dx*x + 2*dy*y + z*(dx - 2.0*dy),6.82E-163,-1.71E-163,6.82E-163,0
290,-1.71E-163,6.82E-163,6.82E-163,-1.36E-162,-2,x + 0.5*y - 1.7058362403368e-163,dx + 0.5*dy,4*dx*x + 2*dy*y + z*(dx + 0.5*dy),-4.55E-163,1.14E-163,1.14E-163,0
